{"stats":{"minecraft:mined":{"minecraft:diamond_ore":10,"minecraft:spruce_planks":24,"minecraft:white_bed":6,"minecraft:cobblestone_stairs":1,"sophisticatedbackpacks:gold_backpack":7,"minecraft:jack_o_lantern":1,"minecraft:obsidian":8,"minecraft:spruce_trapdoor":5,"minecraft:granite":64,"minecraft:grass_block":448,"minecraft:spruce_leaves":25,"minecraft:hopper":3,"minecraft:large_fern":15,"minecraft:tall_seagrass":4,"minecraft:redstone_ore":63,"minecraft:furnace":11,"minecraft:barrel":1,"minecraft:iron_ore":211,"minecraft:andesite":72,"minecraft:pumpkin":4,"minecraft:vine":3,"minecraft:cobblestone_slab":3,"minecraft:rail":92,"minecraft:stone":1983,"minecraft:blue_orchid":4,"minecraft:spruce_slab":3,"minecraft:oak_fence":2,"minecraft:crafting_table":15,"minecraft:torch":18,"minecraft:spruce_button":5,"minecraft:blast_furnace":2,"minecraft:emerald_ore":5,"minecraft:chest":7,"minecraft:spruce_wall_sign":3,"minecraft:nether_quartz_ore":4,"minecraft:cobblestone":165,"minecraft:lapis_ore":28,"minecraft:lily_pad":5,"minecraft:sugar_cane":32,"minecraft:spruce_sign":1,"minecraft:diorite":71,"minecraft:wall_torch":33,"minecraft:seagrass":1,"minecraft:powered_rail":6,"minecraft:cobblestone_wall":1,"minecraft:redstone_torch":5,"minecraft:sweet_berry_bush":9,"minecraft:spruce_log":203,"minecraft:grass_path":11,"minecraft:grass":24,"minecraft:coal_ore":422,"minecraft:oak_log":32,"minecraft:gravel":13,"minecraft:dirt":303,"minecraft:cobweb":104,"minecraft:gold_ore":42,"minecraft:oak_leaves":2,"minecraft:fern":6,"minecraft:iron_trapdoor":3,"minecraft:infested_stone":4},"minecraft:killed_by":{"minecraft:creeper":5,"minecraft:cave_spider":2,"minecraft:skeleton":2},"minecraft:used":{"minecraft:oak_fence":1,"minecraft:iron_shovel":578,"minecraft:spruce_slab":6,"minecraft:chest":11,"minecraft:spruce_planks":52,"minecraft:shield":19,"minecraft:iron_sword":561,"minecraft:rotten_flesh":10,"minecraft:torch":248,"minecraft:dirt":563,"minecraft:hopper":7,"minecraft:cobblestone_wall":3,"minecraft:granite":1,"minecraft:spruce_boat":8,"minecraft:lava_bucket":2,"minecraft:iron_axe":437,"minecraft:spruce_button":150,"minecraft:barrel":23,"minecraft:sweet_berries":17,"minecraft:iron_trapdoor":6,"minecraft:oak_sapling":1,"minecraft:furnace":14,"minecraft:minecart":3,"minecraft:egg":2,"minecraft:cooked_beef":62,"sophisticatedbackpacks:gold_backpack":51,"minecraft:cooked_mutton":30,"minecraft:water_bucket":36,"minecraft:iron_ore":1,"minecraft:cobblestone_stairs":5,"minecraft:stone_pickaxe":222,"minecraft:powered_rail":6,"minecraft:composter":1,"minecraft:sugar_cane":29,"minecraft:wooden_pickaxe":12,"minecraft:spruce_sign":55,"minecraft:cobblestone_slab":5,"minecraft:rail":61,"minecraft:crafting_table":19,"minecraft:blast_furnace":1,"minecraft:white_bed":27,"minecraft:redstone_torch":7,"sophisticatedbackpacks:backpack":2,"minecraft:diamond_pickaxe":179,"minecraft:iron_pickaxe":3062,"minecraft:bread":5,"minecraft:map":1,"minecraft:spruce_trapdoor":3,"minecraft:stone_axe":61,"minecraft:cobblestone":553,"minecraft:cooked_porkchop":17,"minecraft:andesite":9,"minecraft:bucket":38,"minecraft:cobweb":1},"minecraft:custom":{"minecraft:mob_kills":360,"minecraft:interact_with_crafting_table":122,"minecraft:open_barrel":3,"minecraft:damage_dealt_resisted":188,"minecraft:leave_game":10,"minecraft:time_since_death":208062,"minecraft:climb_one_cm":2181,"minecraft:sprint_one_cm":1042422,"minecraft:walk_one_cm":1167815,"minecraft:damage_blocked_by_shield":130,"minecraft:drop":278,"minecraft:damage_dealt_absorbed":80,"minecraft:talked_to_villager":25,"minecraft:sneak_time":37460,"minecraft:deaths":9,"minecraft:walk_under_water_one_cm":16536,"minecraft:boat_one_cm":210547,"minecraft:jump":8099,"minecraft:interact_with_blast_furnace":7,"minecraft:walk_on_water_one_cm":139977,"minecraft:interact_with_furnace":95,"minecraft:play_one_minute":593445,"minecraft:sleep_in_bed":15,"minecraft:time_since_rest":14071,"minecraft:damage_taken":10488,"minecraft:damage_dealt":36070,"minecraft:player_kills":1,"minecraft:swim_one_cm":18801,"minecraft:fly_one_cm":1215910,"minecraft:open_chest":72,"minecraft:crouch_one_cm":105548,"minecraft:fall_one_cm":205726},"minecraft:killed":{"minecraft:cave_spider":211,"minecraft:spider":10,"minecraft:skeleton":6,"minecraft:chicken":3,"minecraft:silverfish":4,"minecraft:pig":28,"minecraft:zombie_villager":1,"minecraft:creeper":1,"minecraft:sheep":31,"minecraft:zombie":51,"minecraft:villager":3,"minecraft:enderman":1,"minecraft:cow":8},"minecraft:dropped":{"minecraft:bread":269,"minecraft:wheat_seeds":6,"minecraft:feather":1,"minecraft:cobblestone":1174,"minecraft:granite":40,"minecraft:rail":1,"minecraft:flint":1,"minecraft:cobblestone_stairs":2,"minecraft:dirt":1,"minecraft:diorite":53,"minecraft:pumpkin":4,"minecraft:iron_pickaxe":3,"minecraft:white_wool":6,"minecraft:spruce_sapling":1,"minecraft:armor_stand":2,"minecraft:gravel":24,"minecraft:cobblestone_wall":4,"minecraft:rotten_flesh":30,"minecraft:white_bed":1,"minecraft:blast_furnace":1,"minecraft:cobblestone_slab":3,"minecraft:spruce_boat":1,"minecraft:spruce_trapdoor":6,"minecraft:andesite":48,"minecraft:ladder":3,"minecraft:oak_sapling":9,"minecraft:spider_eye":5,"minecraft:barrel":1,"minecraft:spruce_slab":3,"minecraft:iron_ore":1,"minecraft:stone_pickaxe":2,"minecraft:egg":1},"minecraft:crafted":{"minecraft:oak_planks":128,"minecraft:cobblestone_slab":6,"minecraft:barrel":23,"minecraft:spruce_button":136,"minecraft:furnace":6,"minecraft:cobblestone_stairs":8,"minecraft:bone_meal":12,"sophisticatedbackpacks:crafting_upgrade":2,"minecraft:cooked_mutton":20,"sophisticatedbackpacks:smelting_upgrade":2,"minecraft:hopper":5,"minecraft:iron_boots":3,"minecraft:iron_axe":3,"minecraft:ladder":3,"minecraft:spruce_slab":60,"minecraft:stone_pickaxe":4,"minecraft:cobblestone_wall":6,"minecraft:chest":16,"minecraft:spruce_boat":2,"minecraft:rail":48,"sophisticatedbackpacks:iron_backpack":1,"minecraft:minecart":2,"minecraft:cooked_beef":7,"sophisticatedbackpacks:backpack":1,"minecraft:iron_trapdoor":3,"minecraft:cooked_porkchop":56,"minecraft:spruce_sign":45,"minecraft:crafting_table":8,"minecraft:map":1,"minecraft:spruce_planks":780,"minecraft:powered_rail":18,"minecraft:wooden_pickaxe":1,"minecraft:iron_helmet":3,"minecraft:iron_sword":4,"sophisticatedbackpacks:gold_backpack":1,"minecraft:bucket":2,"minecraft:stone_axe":1,"sophisticatedbackpacks:upgrade_base":8,"minecraft:air":0,"minecraft:spruce_trapdoor":4,"minecraft:diamond_pickaxe":1,"minecraft:iron_chestplate":2,"minecraft:white_wool":65,"minecraft:paper":12,"minecraft:shield":2,"minecraft:stick":176,"minecraft:compass":1,"minecraft:iron_ingot":150,"minecraft:iron_pickaxe":13,"minecraft:iron_shovel":3,"minecraft:gold_ingot":17,"minecraft:iron_leggings":3,"minecraft:white_bed":23,"minecraft:redstone_torch":6,"minecraft:composter":1,"minecraft:torch":304,"minecraft:shears":1},"minecraft:broken":{"minecraft:iron_shovel":1,"minecraft:iron_boots":1,"minecraft:iron_chestplate":1,"minecraft:iron_leggings":1,"minecraft:stone_pickaxe":1,"minecraft:iron_axe":1,"minecraft:iron_sword":2,"minecraft:iron_pickaxe":12,"minecraft:iron_helmet":1},"minecraft:picked_up":{"sophisticatedbackpacks:gold_backpack":12,"minecraft:iron_chestplate":3,"minecraft:crafting_table":17,"minecraft:chicken":5,"minecraft:iron_trapdoor":6,"minecraft:ladder":6,"minecraft:wooden_pickaxe":1,"minecraft:shield":4,"minecraft:music_disc_cat":2,"minecraft:string":270,"minecraft:iron_axe":4,"minecraft:iron_leggings":3,"minecraft:armor_stand":2,"minecraft:iron_shovel":3,"minecraft:blue_orchid":45,"minecraft:bucket":2,"minecraft:spruce_planks":261,"minecraft:beef":21,"minecraft:redstone_torch":5,"minecraft:cobblestone_slab":3,"minecraft:iron_pickaxe":10,"minecraft:spruce_slab":9,"minecraft:minecart":2,"minecraft:sugar_cane":67,"minecraft:chest":9,"minecraft:spruce_trapdoor":10,"minecraft:furnace":13,"minecraft:iron_boots":3,"minecraft:egg":4,"minecraft:stick":40,"minecraft:oak_fence":3,"minecraft:torch":398,"sophisticatedbackpacks:backpack":1,"minecraft:porkchop":59,"minecraft:diorite":115,"minecraft:redstone":403,"minecraft:arrow":10,"minecraft:rotten_flesh":76,"minecraft:gold_ingot":22,"minecraft:obsidian":8,"minecraft:mutton":63,"minecraft:rail":99,"minecraft:white_wool":41,"minecraft:cobblestone":3025,"minecraft:feather":2,"minecraft:cooked_beef":301,"minecraft:andesite":84,"minecraft:leather":7,"minecraft:brown_wool":3,"minecraft:flint":1,"minecraft:filled_map":1,"minecraft:oak_log":32,"minecraft:lily_pad":10,"minecraft:cobblestone_wall":4,"minecraft:gunpowder":2,"minecraft:cobblestone_stairs":1,"minecraft:lapis_lazuli":472,"minecraft:dirt":921,"minecraft:cooked_mutton":19,"minecraft:bone":14,"minecraft:apple":2,"minecraft:wheat_seeds":11,"minecraft:iron_ingot":332,"minecraft:stone_pickaxe":2,"minecraft:iron_ore":227,"minecraft:powered_rail":6,"minecraft:iron_sword":1,"minecraft:oak_planks":22,"minecraft:cooked_porkchop":117,"minecraft:pumpkin":4,"minecraft:sweet_berries":22,"minecraft:quartz":4,"minecraft:gravel":30,"minecraft:spruce_sapling":3,"minecraft:blast_furnace":2,"minecraft:white_bed":6,"minecraft:spruce_log":195,"minecraft:grass_block":1,"minecraft:gold_ore":59,"minecraft:spider_eye":34,"minecraft:barrel":2,"minecraft:diamond":36,"minecraft:spruce_boat":8,"minecraft:stone_axe":3,"minecraft:iron_helmet":4,"minecraft:granite":109,"minecraft:bone_meal":6,"minecraft:bread":80,"minecraft:gray_wool":2,"minecraft:spruce_sign":17,"minecraft:spruce_button":14,"minecraft:emerald":6,"minecraft:oak_sapling":21,"minecraft:black_wool":2,"minecraft:coal":974,"minecraft:hopper":6,"minecraft:diamond_pickaxe":1}},"DataVersion":2586}