{"stats":{"minecraft:custom":{"minecraft:interact_with_smithing_table":3,"minecraft:mob_kills":311,"minecraft:interact_with_crafting_table":43,"minecraft:damage_dealt_resisted":149,"minecraft:leave_game":8,"minecraft:time_since_death":513861,"minecraft:climb_one_cm":315,"minecraft:sprint_one_cm":1572747,"minecraft:walk_one_cm":1392809,"minecraft:damage_blocked_by_shield":170,"minecraft:drop":178,"minecraft:damage_dealt_absorbed":40,"minecraft:talked_to_villager":4,"minecraft:sneak_time":4346,"minecraft:deaths":2,"minecraft:walk_under_water_one_cm":13210,"minecraft:boat_one_cm":855805,"minecraft:jump":6757,"minecraft:interact_with_brewingstand":9,"minecraft:interact_with_blast_furnace":9,"minecraft:walk_on_water_one_cm":40129,"minecraft:interact_with_furnace":28,"minecraft:play_one_minute":648091,"minecraft:sleep_in_bed":12,"minecraft:time_since_rest":4510,"minecraft:damage_taken":5707,"minecraft:damage_dealt":52967,"minecraft:swim_one_cm":24682,"minecraft:fly_one_cm":1234736,"minecraft:open_chest":8,"minecraft:crouch_one_cm":10309,"minecraft:fall_one_cm":166780},"minecraft:picked_up":{"sophisticatedbackpacks:gold_backpack":1,"minecraft:iron_chestplate":1,"minecraft:crafting_table":11,"minecraft:azure_bluet":15,"minecraft:chicken":7,"minecraft:nether_wart":27,"minecraft:lead":2,"minecraft:smithing_table":1,"minecraft:brewing_stand":1,"minecraft:shield":1,"minecraft:golden_sword":1,"minecraft:string":44,"minecraft:red_bed":1,"minecraft:flint_and_steel":1,"minecraft:blackstone":32,"minecraft:gold_nugget":260,"minecraft:spruce_planks":15,"minecraft:beef":27,"minecraft:white_tulip":2,"minecraft:oak_boat":11,"minecraft:iron_pickaxe":1,"minecraft:poppy":27,"minecraft:sugar_cane":6,"minecraft:phantom_membrane":2,"minecraft:iron_boots":1,"minecraft:furnace":1,"minecraft:egg":4,"minecraft:stick":40,"minecraft:sandstone":10,"minecraft:torch":14,"sophisticatedbackpacks:backpack":2,"minecraft:porkchop":75,"minecraft:diorite":25,"minecraft:carrot":1,"minecraft:redstone":203,"minecraft:arrow":29,"minecraft:weeping_vines":1,"minecraft:rotten_flesh":88,"minecraft:pink_tulip":2,"minecraft:gold_ingot":5,"minecraft:blaze_rod":29,"minecraft:white_wool":13,"minecraft:mutton":26,"minecraft:obsidian":10,"minecraft:blaze_powder":9,"minecraft:rail":1,"minecraft:cobblestone":873,"minecraft:oxeye_daisy":6,"minecraft:netherite_boots":1,"minecraft:magma_block":7,"minecraft:feather":8,"minecraft:cooked_beef":63,"minecraft:andesite":36,"minecraft:leather":20,"minecraft:flint":3,"minecraft:oak_log":125,"minecraft:lily_pad":36,"minecraft:ancient_debris":41,"minecraft:nether_wart_block":1,"minecraft:gunpowder":19,"minecraft:netherite_leggings":1,"minecraft:lapis_lazuli":131,"minecraft:dirt":3165,"minecraft:blue_bed":3,"minecraft:bone":32,"minecraft:apple":7,"minecraft:orange_tulip":4,"minecraft:stonecutter":1,"minecraft:wheat_seeds":41,"minecraft:iron_ingot":80,"minecraft:stone_pickaxe":1,"minecraft:iron_ore":115,"minecraft:glowstone_dust":39,"minecraft:oak_planks":34,"minecraft:iron_sword":1,"minecraft:soul_sand":40,"sophisticatedbackpacks:diamond_backpack":1,"minecraft:sweet_berries":13,"minecraft:quartz":8,"minecraft:dandelion":28,"minecraft:gravel":32,"minecraft:sand":3047,"minecraft:white_bed":9,"minecraft:spruce_log":12,"minecraft:grass_block":3,"minecraft:gold_ore":20,"minecraft:spider_eye":7,"minecraft:purple_bed":4,"minecraft:diamond":88,"minecraft:netherite_helmet":1,"minecraft:iron_helmet":1,"minecraft:crossbow":1,"minecraft:granite":73,"minecraft:gray_wool":2,"minecraft:oak_sapling":32,"minecraft:netherrack":1744,"minecraft:coal":180,"minecraft:ender_pearl":2},"minecraft:broken":{"minecraft:diamond_shovel":3,"minecraft:diamond_pickaxe":1,"minecraft:iron_pickaxe":1},"minecraft:crafted":{"minecraft:oak_planks":81,"minecraft:netherite_sword":1,"minecraft:spruce_button":1,"minecraft:furnace":1,"sophisticatedbackpacks:crafting_upgrade":1,"sophisticatedbackpacks:auto_smoking_upgrade":1,"minecraft:flint_and_steel":1,"minecraft:netherite_chestplate":1,"minecraft:hopper":3,"minecraft:netherite_leggings":1,"minecraft:diamond_helmet":1,"minecraft:diamond_leggings":1,"minecraft:iron_boots":1,"minecraft:netherite_boots":1,"minecraft:stone_pickaxe":1,"minecraft:chest":4,"minecraft:netherite_helmet":1,"minecraft:diamond_boots":1,"minecraft:oak_button":1,"sophisticatedbackpacks:iron_backpack":1,"minecraft:golden_boots":1,"minecraft:red_dye":1,"minecraft:crossbow":1,"minecraft:diamond_sword":1,"sophisticatedbackpacks:backpack":1,"minecraft:crafting_table":4,"minecraft:spruce_planks":84,"minecraft:iron_helmet":1,"minecraft:wooden_pickaxe":1,"minecraft:iron_sword":1,"minecraft:red_bed":1,"minecraft:smithing_table":1,"sophisticatedbackpacks:gold_backpack":1,"minecraft:bucket":1,"minecraft:stone_axe":1,"sophisticatedbackpacks:upgrade_base":3,"minecraft:air":0,"minecraft:iron_chestplate":1,"minecraft:diamond_pickaxe":3,"minecraft:shield":1,"sophisticatedbackpacks:diamond_backpack":1,"minecraft:stick":36,"minecraft:iron_ingot":102,"minecraft:leather_chestplate":1,"minecraft:iron_pickaxe":2,"minecraft:stone_sword":1,"sophisticatedbackpacks:blasting_upgrade":1,"sophisticatedbackpacks:smoking_upgrade":1,"minecraft:gold_ingot":33,"minecraft:white_bed":2,"minecraft:netherite_ingot":10,"minecraft:torch":4,"minecraft:diamond_chestplate":1},"minecraft:used":{"minecraft:netherite_sword":342,"minecraft:stone_sword":55,"minecraft:iron_shovel":123,"minecraft:flint_and_steel":4,"minecraft:redstone":1,"minecraft:poppy":20,"minecraft:spruce_planks":4,"minecraft:shield":33,"minecraft:iron_sword":135,"minecraft:netherrack":388,"minecraft:torch":40,"minecraft:brewing_stand":1,"minecraft:dirt":4043,"minecraft:mutton":24,"minecraft:granite":13,"minecraft:obsidian":10,"minecraft:spruce_button":1,"minecraft:iron_axe":128,"minecraft:beef":16,"minecraft:sweet_berries":16,"minecraft:furnace":1,"minecraft:egg":4,"minecraft:cooked_beef":61,"minecraft:water_bucket":12,"minecraft:pink_tulip":2,"minecraft:stone_pickaxe":106,"minecraft:glass_bottle":1,"minecraft:orange_tulip":4,"minecraft:wooden_pickaxe":10,"minecraft:sandstone":10,"minecraft:blue_bed":3,"minecraft:sand":380,"minecraft:rail":1,"minecraft:crafting_table":12,"minecraft:red_bed":2,"minecraft:blast_furnace":1,"minecraft:crossbow":14,"minecraft:white_bed":7,"sophisticatedbackpacks:backpack":2,"minecraft:diamond_pickaxe":2991,"minecraft:diamond_shovel":5754,"minecraft:chicken":1,"minecraft:iron_pickaxe":442,"minecraft:string":1,"minecraft:bread":14,"minecraft:oak_button":1,"minecraft:purple_bed":4,"minecraft:stone_axe":75,"minecraft:potion":1,"minecraft:nether_wart_block":1,"minecraft:diamond_sword":222,"minecraft:cobblestone":324,"minecraft:andesite":4,"minecraft:porkchop":43,"minecraft:smithing_table":1,"minecraft:bucket":13,"minecraft:oak_boat":11,"minecraft:splash_potion":2},"minecraft:killed_by":{"minecraft:zombie":1},"minecraft:killed":{"minecraft:zombified_piglin":8,"minecraft:spider":18,"minecraft:phantom":2,"minecraft:horse":6,"minecraft:skeleton":28,"minecraft:chicken":7,"minecraft:drowned":5,"minecraft:wolf":1,"minecraft:piglin":1,"minecraft:pig":32,"minecraft:zombie_villager":3,"minecraft:creeper":17,"minecraft:hoglin":3,"minecraft:sheep":15,"minecraft:trader_llama":2,"minecraft:zombie":77,"minecraft:wither_skeleton":5,"minecraft:blaze":54,"minecraft:enderman":5,"minecraft:cow":13},"minecraft:dropped":{"minecraft:golden_boots":1,"minecraft:iron_sword":1,"minecraft:wheat_seeds":5,"minecraft:cooked_beef":6,"minecraft:oak_log":17,"minecraft:glass_bottle":2,"minecraft:crafting_table":1,"minecraft:netherite_helmet":1,"minecraft:weeping_vines":1,"minecraft:iron_helmet":1,"minecraft:cobblestone":20,"minecraft:grass_block":3,"minecraft:coal":2,"minecraft:oxeye_daisy":6,"minecraft:dirt":20,"minecraft:gray_wool":2,"minecraft:diorite":25,"minecraft:torch":4,"minecraft:netherite_boots":1,"minecraft:iron_leggings":1,"minecraft:iron_pickaxe":1,"minecraft:iron_shovel":1,"minecraft:lily_pad":36,"minecraft:bone":13,"minecraft:gravel":19,"minecraft:stone_axe":1,"minecraft:blackstone":32,"minecraft:nether_wart":9,"minecraft:stone_sword":1,"minecraft:chicken":6,"minecraft:rotten_flesh":80,"minecraft:iron_boots":1,"minecraft:blaze_powder":9,"minecraft:azure_bluet":3,"minecraft:carrot":1,"sophisticatedbackpacks:diamond_backpack":1,"minecraft:netherite_leggings":1,"minecraft:poppy":3,"minecraft:leather_chestplate":1,"minecraft:diamond_pickaxe":1,"minecraft:iron_chestplate":1,"minecraft:golden_sword":1,"minecraft:spider_eye":3,"minecraft:iron_ore":2,"minecraft:iron_bars":8,"minecraft:arrow":11,"minecraft:stone_pickaxe":1,"minecraft:wooden_pickaxe":1,"minecraft:magma_block":7,"minecraft:netherrack":1321},"minecraft:mined":{"minecraft:nether_gold_ore":64,"minecraft:diamond_ore":88,"minecraft:white_bed":5,"minecraft:brewing_stand":1,"minecraft:obsidian":10,"minecraft:granite":76,"minecraft:grass_block":1147,"minecraft:redstone_wire":1,"minecraft:spruce_leaves":19,"minecraft:oxeye_daisy":3,"minecraft:nether_wart":20,"minecraft:large_fern":4,"minecraft:weeping_vines_plant":2,"minecraft:redstone_ore":46,"minecraft:magma_block":7,"minecraft:glowstone":13,"minecraft:furnace":1,"minecraft:iron_ore":113,"minecraft:fire":23,"minecraft:andesite":36,"minecraft:azure_bluet":12,"minecraft:rail":1,"minecraft:pink_tulip":2,"minecraft:white_tulip":2,"minecraft:stone":916,"sophisticatedbackpacks:backpack":1,"minecraft:tripwire":1,"minecraft:smithing_table":1,"minecraft:soul_sand":40,"minecraft:blackstone":32,"minecraft:dandelion":26,"minecraft:crafting_table":10,"minecraft:torch":5,"minecraft:poppy":25,"minecraft:nether_quartz_ore":8,"minecraft:tall_grass":34,"minecraft:cobblestone":41,"minecraft:sugar_cane":2,"minecraft:lapis_ore":20,"minecraft:blue_bed":3,"minecraft:wall_torch":7,"minecraft:diorite":25,"minecraft:purple_bed":4,"minecraft:nether_wart_block":1,"minecraft:sweet_berry_bush":3,"minecraft:spruce_log":12,"minecraft:orange_tulip":4,"minecraft:grass_path":2,"minecraft:grass":219,"minecraft:coal_ore":132,"minecraft:oak_log":108,"minecraft:gravel":31,"minecraft:dirt":1735,"minecraft:sand":2973,"minecraft:cobweb":24,"minecraft:stonecutter":1,"minecraft:ancient_debris":41,"minecraft:netherrack":1852,"minecraft:gold_ore":20,"minecraft:oak_leaves":19}},"DataVersion":2586}