{"stats":{"minecraft:custom":{"minecraft:interact_with_crafting_table":28,"minecraft:open_barrel":2,"minecraft:leave_game":11,"minecraft:time_since_death":2367,"minecraft:sprint_one_cm":898254,"minecraft:drop":125,"minecraft:deaths":28,"minecraft:jump":7281,"minecraft:walk_on_water_one_cm":36214,"minecraft:interact_with_furnace":16,"minecraft:play_one_minute":561019,"minecraft:sleep_in_bed":7,"minecraft:damage_dealt":44157,"minecraft:crouch_one_cm":43983,"minecraft:interact_with_smithing_table":7,"minecraft:mob_kills":199,"minecraft:interact_with_anvil":14,"minecraft:damage_dealt_resisted":322,"minecraft:climb_one_cm":8057,"minecraft:walk_one_cm":1603174,"minecraft:damage_dealt_absorbed":125,"minecraft:sneak_time":16704,"minecraft:walk_under_water_one_cm":21863,"minecraft:interact_with_blast_furnace":10,"minecraft:time_since_rest":2462,"minecraft:damage_taken":14135,"minecraft:swim_one_cm":5938,"minecraft:fly_one_cm":733339,"minecraft:open_chest":15,"minecraft:fall_one_cm":179884},"minecraft:picked_up":{"minecraft:iron_chestplate":1,"minecraft:nether_brick_fence":6,"minecraft:anvil":4,"minecraft:smithing_table":2,"minecraft:lead":4,"minecraft:diamond_sword":2,"minecraft:potion":5,"minecraft:nether_brick":6,"minecraft:string":130,"minecraft:iron_leggings":1,"minecraft:netherite_ingot":14,"minecraft:shroomlight":21,"minecraft:diamond_leggings":1,"minecraft:gold_nugget":501,"minecraft:bucket":2,"minecraft:spruce_planks":70,"minecraft:iron_pickaxe":1,"sophisticatedbackpacks:netherite_backpack":4,"minecraft:iron_boots":1,"minecraft:stick":30,"minecraft:torch":38,"minecraft:porkchop":46,"minecraft:diorite":73,"minecraft:warped_planks":17,"minecraft:stone_sword":10,"minecraft:rotten_flesh":43,"minecraft:netherite_chestplate":6,"minecraft:blaze_rod":53,"minecraft:cobblestone":2536,"minecraft:magma_block":2,"minecraft:feather":18,"minecraft:cooked_beef":438,"minecraft:water_bucket":2,"minecraft:andesite":94,"minecraft:flint":37,"minecraft:lapis_lazuli":23,"minecraft:netherite_leggings":6,"minecraft:dirt":91,"minecraft:twisting_vines":10,"minecraft:bone":9,"minecraft:chipped_anvil":1,"minecraft:bow":4,"minecraft:wheat_seeds":7,"minecraft:netherite_axe":5,"minecraft:diamond_helmet":1,"minecraft:glowstone_dust":62,"minecraft:music_disc_13":1,"minecraft:warped_wart_block":387,"minecraft:spectral_arrow":9,"minecraft:diamond":242,"minecraft:netherite_helmet":6,"minecraft:granite":103,"minecraft:emerald":7,"minecraft:netherrack":4297,"minecraft:crimson_roots":14,"minecraft:diamond_pickaxe":8,"sophisticatedbackpacks:gold_backpack":2,"minecraft:crafting_table":8,"minecraft:stripped_warped_hyphae":5,"minecraft:splash_potion":3,"minecraft:chicken":12,"minecraft:nether_wart":108,"minecraft:wooden_pickaxe":5,"minecraft:shield":11,"minecraft:wooden_sword":8,"minecraft:iron_axe":1,"minecraft:blackstone":169,"minecraft:netherite_sword":6,"minecraft:stripped_warped_stem":8,"minecraft:poppy":3,"minecraft:diamond_hoe":1,"minecraft:egg":9,"minecraft:fire_charge":2,"minecraft:carrot":2,"minecraft:netherite_pickaxe":7,"minecraft:redstone":251,"minecraft:weeping_vines":1,"minecraft:arrow":170,"minecraft:diamond_boots":1,"minecraft:gold_ingot":42,"minecraft:mutton":6,"minecraft:white_wool":8,"minecraft:netherite_boots":6,"minecraft:crimson_stem":2,"minecraft:leather":40,"minecraft:crimson_fungus":1,"minecraft:ancient_debris":95,"minecraft:golden_boots":3,"minecraft:nether_wart_block":7,"minecraft:gunpowder":20,"minecraft:warped_stem":94,"minecraft:iron_ingot":12,"minecraft:stone_pickaxe":6,"minecraft:iron_ore":289,"minecraft:glass_bottle":2,"sophisticatedbackpacks:diamond_backpack":3,"minecraft:iron_sword":2,"minecraft:soul_sand":15,"minecraft:warped_fungus":8,"minecraft:sweet_berries":219,"minecraft:quartz":73,"minecraft:dandelion":1,"minecraft:gravel":169,"minecraft:blast_furnace":3,"minecraft:white_bed":3,"minecraft:spruce_log":51,"minecraft:gold_ore":124,"minecraft:spider_eye":6,"minecraft:diamond_shovel":4,"minecraft:stone_axe":5,"minecraft:iron_helmet":1,"minecraft:diamond_axe":2,"minecraft:warped_roots":32,"minecraft:coal":422,"minecraft:warped_nylium":17,"minecraft:crimson_nylium":3,"minecraft:ender_pearl":27},"minecraft:broken":{"minecraft:golden_boots":3,"minecraft:stone_pickaxe":2,"minecraft:diamond_pickaxe":2,"minecraft:shield":1,"minecraft:iron_pickaxe":2},"minecraft:crafted":{"minecraft:oak_planks":256,"minecraft:diamond_shovel":1,"sophisticatedbackpacks:crafting_upgrade":1,"sophisticatedbackpacks:auto_smoking_upgrade":1,"minecraft:warped_planks":112,"minecraft:hopper":6,"minecraft:diamond_helmet":2,"minecraft:bow":1,"minecraft:diamond_leggings":1,"minecraft:iron_boots":1,"minecraft:netherite_boots":1,"minecraft:chest":8,"minecraft:golden_boots":7,"minecraft:smoker":1,"minecraft:arrow":40,"sophisticatedbackpacks:backpack":1,"minecraft:crafting_table":3,"minecraft:spruce_planks":164,"minecraft:wooden_pickaxe":1,"minecraft:iron_helmet":1,"minecraft:smithing_table":1,"minecraft:gold_block":8,"sophisticatedbackpacks:upgrade_base":4,"minecraft:warped_door":6,"minecraft:iron_chestplate":1,"minecraft:diamond_pickaxe":5,"minecraft:shield":1,"sophisticatedbackpacks:diamond_backpack":1,"minecraft:stick":88,"minecraft:iron_ingot":62,"minecraft:iron_pickaxe":2,"minecraft:iron_block":11,"minecraft:stone_sword":1,"sophisticatedbackpacks:blasting_upgrade":1,"minecraft:gold_ingot":48,"minecraft:netherite_ingot":19,"sophisticatedbackpacks:netherite_backpack":2,"minecraft:wooden_sword":1,"minecraft:netherite_sword":1,"sophisticatedbackpacks:stack_upgrade_tier_3":1,"minecraft:diamond_hoe":1,"sophisticatedbackpacks:stack_upgrade_tier_1":1,"minecraft:furnace":2,"minecraft:diamond_block":8,"minecraft:netherite_axe":1,"minecraft:iron_axe":1,"sophisticatedbackpacks:auto_blasting_upgrade":1,"minecraft:stone_pickaxe":2,"minecraft:diamond_boots":1,"sophisticatedbackpacks:stack_upgrade_tier_2":1,"sophisticatedbackpacks:iron_backpack":1,"minecraft:red_dye":3,"minecraft:crimson_planks":8,"minecraft:netherite_pickaxe":1,"minecraft:diamond_sword":1,"minecraft:iron_sword":1,"minecraft:red_bed":2,"sophisticatedbackpacks:gold_backpack":1,"minecraft:stone_axe":1,"minecraft:air":0,"minecraft:stripped_warped_hyphae":6,"minecraft:golden_apple":1,"minecraft:iron_shovel":1,"minecraft:iron_leggings":1,"sophisticatedbackpacks:smoking_upgrade":1,"minecraft:anvil":1,"minecraft:white_bed":1,"minecraft:torch":108,"minecraft:diamond_chestplate":3},"minecraft:used":{"minecraft:iron_shovel":62,"minecraft:diamond_hoe":393,"minecraft:shield":103,"minecraft:iron_sword":54,"minecraft:lava_bucket":1,"minecraft:crimson_roots":6,"minecraft:bow":24,"minecraft:sweet_berries":46,"minecraft:furnace":1,"minecraft:diorite":11,"minecraft:stone_pickaxe":264,"minecraft:ender_pearl":1,"minecraft:wooden_pickaxe":16,"minecraft:diamond_axe":1,"minecraft:blast_furnace":2,"minecraft:bread":1,"minecraft:gravel":54,"minecraft:stripped_warped_hyphae":9,"minecraft:nether_wart_block":2,"minecraft:diamond_sword":38,"minecraft:wooden_sword":17,"minecraft:smithing_table":2,"minecraft:andesite":2,"minecraft:netherite_sword":479,"minecraft:stone_sword":78,"minecraft:spruce_planks":6,"minecraft:netherrack":490,"minecraft:torch":98,"minecraft:dirt":37,"minecraft:warped_wart_block":223,"minecraft:anvil":4,"minecraft:twisting_vines":10,"minecraft:warped_door":4,"minecraft:granite":1,"minecraft:shroomlight":9,"minecraft:iron_axe":45,"minecraft:crimson_planks":8,"minecraft:netherite_pickaxe":1180,"minecraft:cooked_beef":78,"minecraft:water_bucket":89,"minecraft:warped_stem":51,"minecraft:iron_ore":2,"minecraft:warped_roots":15,"minecraft:crafting_table":4,"minecraft:red_bed":2,"minecraft:white_bed":2,"minecraft:spruce_log":4,"minecraft:warped_planks":105,"minecraft:diamond_pickaxe":4652,"minecraft:diamond_shovel":62,"minecraft:iron_pickaxe":501,"minecraft:netherite_axe":181,"minecraft:stone_axe":33,"minecraft:cobblestone":457,"minecraft:porkchop":1,"minecraft:bucket":90,"minecraft:dandelion":1},"minecraft:killed_by":{"minecraft:wither_skeleton":1,"minecraft:creeper":1,"minecraft:piglin":3,"minecraft:blaze":3,"minecraft:zombie":1,"minecraft:player":1,"minecraft:wolf":2,"minecraft:spider":2,"minecraft:enderman":1,"minecraft:hoglin":3,"minecraft:skeleton":1},"minecraft:killed":{"minecraft:witch":2,"minecraft:spider":5,"minecraft:skeleton":9,"minecraft:chicken":9,"minecraft:silverfish":12,"minecraft:magma_cube":15,"minecraft:piglin":16,"minecraft:creeper":7,"minecraft:sheep":1,"minecraft:trader_llama":2,"minecraft:zombie":15,"minecraft:blaze":37,"minecraft:horse":1,"minecraft:bat":2,"minecraft:hoglin":16,"minecraft:wither_skeleton":3,"minecraft:enderman":35},"minecraft:dropped":{"minecraft:iron_sword":1,"minecraft:soul_sand":2,"minecraft:cooked_beef":1,"minecraft:diamond":2,"minecraft:crafting_table":1,"minecraft:stripped_warped_hyphae":2,"minecraft:dirt":9,"minecraft:wooden_sword":1,"minecraft:white_wool":3,"minecraft:gold_ingot":14,"minecraft:bone":3,"minecraft:gravel":58,"minecraft:blackstone":12,"minecraft:rotten_flesh":4,"minecraft:nether_brick_fence":2,"minecraft:gunpowder":9,"minecraft:arrow":1,"minecraft:warped_wart_block":153,"minecraft:netherrack":1756,"minecraft:iron_ingot":35,"minecraft:netherite_pickaxe":1,"minecraft:wheat_seeds":1,"minecraft:cobblestone":699,"minecraft:iron_helmet":1,"minecraft:granite":58,"minecraft:stick":8,"minecraft:diorite":28,"minecraft:nether_wart_block":5,"minecraft:iron_leggings":1,"minecraft:redstone":5,"minecraft:stone_sword":4,"minecraft:iron_boots":1,"minecraft:diamond_sword":1,"minecraft:diamond_pickaxe":2,"minecraft:iron_chestplate":1,"minecraft:andesite":35,"minecraft:spider_eye":2},"minecraft:mined":{"minecraft:stripped_warped_stem":8,"minecraft:white_bed":2,"minecraft:granite":98,"minecraft:grass_block":4,"minecraft:stripped_warped_hyphae":5,"minecraft:crimson_fungus":1,"minecraft:nether_wart":20,"minecraft:weeping_vines_plant":3,"minecraft:magma_block":1,"minecraft:glowstone":10,"minecraft:iron_ore":270,"minecraft:fire":30,"minecraft:anvil":3,"minecraft:twisting_vines":6,"minecraft:blackstone":103,"minecraft:twisting_vines_plant":4,"minecraft:crimson_nylium":4,"minecraft:torch":3,"minecraft:blast_furnace":2,"minecraft:poppy":3,"minecraft:nether_quartz_ore":57,"minecraft:cobblestone":18,"minecraft:wall_torch":4,"minecraft:warped_nylium":17,"minecraft:warped_planks":17,"minecraft:nether_wart_block":7,"minecraft:warped_fungus":3,"minecraft:grass":29,"minecraft:dirt":26,"minecraft:netherrack":2733,"minecraft:ancient_debris":83,"minecraft:nether_gold_ore":106,"minecraft:diamond_ore":243,"minecraft:crimson_roots":14,"minecraft:weeping_vines":1,"minecraft:spruce_leaves":10,"minecraft:crimson_stem":2,"minecraft:large_fern":1,"minecraft:redstone_ore":54,"minecraft:nether_sprouts":3,"minecraft:andesite":85,"minecraft:nether_brick_fence":2,"minecraft:shroomlight":15,"minecraft:warped_stem":85,"minecraft:stone":2220,"minecraft:smithing_table":2,"minecraft:soul_sand":5,"minecraft:crafting_table":1,"minecraft:emerald_ore":7,"minecraft:warped_roots":10,"minecraft:tall_grass":6,"minecraft:lapis_ore":4,"minecraft:diorite":64,"minecraft:warped_wart_block":377,"minecraft:sweet_berry_bush":27,"minecraft:spruce_log":52,"minecraft:coal_ore":252,"minecraft:gravel":139,"minecraft:chipped_anvil":1,"minecraft:gold_ore":124,"minecraft:infested_stone":13,"minecraft:fern":3}},"DataVersion":2586}